{
  "sun": null,
  "mercury": 0.38709893,
  "venus": 0.72333199,
  "earth": 1.0,
  "mars": 1.52366231,
  "jupiter": 5.20260319,
  "saturn": 9.55490906,
  "uranus": 19.2184461,
  "neptune": 30.11038677
}